id|first_name|last_name|Favourite App|Favourite Colour
1|Leonidas|Cruxton|Prodder|#c2a044
2|Fairlie|Zoephel|Toughjoyfax|#fe9813
3|Janot|Wasylkiewicz|Transcof|#3143ee
4|Carlos|Gulvin|Quo Lux|#336769
5|Karyl|McKechnie|Cardify|#5b3610
6|Robbert|Rigeby|Home Ing|#c971eb
7|Dalenna|Francello|Treeflex|#779f13
8|Regine|Coal|Prodder|#5431e2
9|Clio|Tejero|Gembucket|#74c693
10|Kathye|Lewisham|Span|#165b5e
11|Shaina|Bedbury|Aerified|#5a064c
12|Berkeley|Jedrachowicz|Viva|#7b9bc5
13|Bogart|Stockhill|Stronghold|#9804df
14|Jonathan|Cawthorn|Redhold|#0ab3ec
15|Brynn|Tomasoni|Viva|#3881db
16|Mateo|Sill|Viva|#fce6a4
17|Lexi|Brickhill|Sub-Ex|#9c21b5
18|Harlin|Hearnaman|It|#f47006
19|Ettie|Exell|Domainer|#f0bb27
20|Bert|Pickles|Greenlam|#f558ee
21|Renate|Halle|Kanlam|#000f20
22|Tildie|Ordelt|Y-Solowarm|#4817f2
23|Kinny|Marmyon|Quo Lux|#d4fb6c
24|Bellina|McGrail|Namfix|#ba54fa
25|Agata|Urling|Fintone|#5cf27d
26|Katalin|Jenkin|It|#5228c4
27|Erda|Gynne|Mat Lam Tam|#e5b18a
28|Mark|Bricknall|Fix San|#48ee06
29|Vasili|Mattheeuw|Fintone|#5f7f5b
30|Gypsy|Sturley|Redhold|#3669dc
31|Richart|Pamplin|Home Ing|#82aee3
32|Seamus|Grabbam|Tempsoft|#b8d38f
33|Mario|Mordacai|Vagram|#505638
34|Malissa|Zanassi|Sub-Ex|#e21e54
35|Tine|Linebarger|Veribet|#ec6c52
36|Goddart|Colquite|Transcof|#a659a2
37|Lynnell|Giacubbo|Flexidy|#7a0c4f
38|Wyndham|Gerrens|Stringtough|#49cd33
39|Gerhard|Harden|Toughjoyfax|#48de5e
40|Jerry|Fairest|Bitwolf|#4bef16
41|Luella|Lugton|Bitchip|#4c867b
42|Rolfe|Veschambre|Veribet|#2164d5
43|Brannon|Clewes|Konklux|#cadab3
44|Morly|Righy|Konklux|#2f93d2
45|Byran|Laughton|Span|#447f52
46|Evonne|Pestricke|Cookley|#710d3b
47|Verina|Barkshire|Bitchip|#b71b8f
48|Mina|Copplestone|Mat Lam Tam|#c1e526
49|Kurtis|Adkin|Solarbreeze|#85ac8a
50|Nellie|Hawke|Subin|#5b45f0
51|Cloe|Dobrovolski|Sonsing|#ac6da9
52|Richmond|Cure|Bytecard|#84377c
53|Elvis|Perago|Zathin|#afeb20
54|Dorian|Dahmel|Solarbreeze|#bafdb1
55|Buck|Golton|Bitchip|#8a95a0
56|Russell|MacMechan|Y-find|#c35554
57|Reidar|Hauck|Matsoft|#a5352e
58|Nealy|Aldwich|Tampflex|#7eb1da
59|Leola|Bannester|Treeflex|#5fad27
60|Celle|Maffeo|Treeflex|#4855b1
61|Steve|Waugh|Alphazap|#ea09e5
62|Glenine|Rawlyns|Duobam|#bfd63f
63|Tobiah|Roy|Stronghold|#128f03
64|Harry|Ollie|Solarbreeze|#1c4479
65|Andris|Grabeham|Home Ing|#a6b8eb
66|Andonis|Steeples|Veribet|#f6dd4b
67|Dario|Kippin|Opela|#2e753f
68|Bunny|Malloch|Span|#30d0ba
69|Bradley|Shillinglaw|Gembucket|#da667f
70|Terry|Comoletti|Cookley|#4be6c3
71|Malorie|Erridge|Bitchip|#4481d9
72|Ferne|Forcer|Tempsoft|#f683be
73|Amberly|Cockarill|Zathin|#8a8fd3
74|Zak|Windsor|It|#47f689
75|Analise|Abrahamsen|Asoka|#cbefb0
76|Ermin|Snelman|It|#86a5bb
77|Ford|Divers|Gembucket|#005a6b
78|Halsy|Virgoe|Alpha|#03e3c8
79|Henka|Parish|Alphazap|#ec8b05
80|Fonzie|Blouet|Tampflex|#61d4f5
81|Skelly|Nares|Solarbreeze|#cbdbd0
82|Bernelle|Lissimore|Y-find|#807eb8
83|Zach|Polhill|Wrapsafe|#902c5a
84|Clarice|O'Dulchonta|Fintone|#2c6d8d
85|Denney|Harrisson|Lotstring|#474b1a
86|Olva|Radband|Cookley|#44de47
87|Flin|Happel|Cardify|#1359e9
88|Frazier|Simecek|Vagram|#346bab
89|Colman|Dreelan|Matsoft|#ab5fcb
90|Kennan|Handslip|Zoolab|#794337
91|Lesya|Scotsbrook|Daltfresh|#0af71e
92|Miguela|MacGorrie|Fix San|#8db7ee
93|Madge|Splaven|Aerified|#6a2fcc
94|Gisele|Eustes|Opela|#f4fa85
95|Lonna|Gatling|Subin|#db25f3
96|Theressa|Daddow|Prodder|#f8df3b
97|Desi|Ruckhard|Konklab|#241ec5
98|Carny|Romand|Lotlux|#6b31d4
99|Montague|Maggill'Andreis|Stim|#965587
100|Agustin|Steedman|Sonsing|#29148d
101|Jakie|Burbudge|Alpha|#8ef692
102|Rozina|Dollard|Latlux|#c5ab10
103|Lizzy|Pendre|Quo Lux|#114621
104|Bridie|Warrener|Fintone|#884784
105|Esta|Seale|Zamit|#832c7f
106|Carroll|Dallman|Fix San|#b3adee
107|Ted|Genney|Transcof|#6357f3
108|Brooke|Scrowson|Fix San|#45511e
109|Shandee|Thurnham|Opela|#e16a23
110|Bryana|Di Maria|Matsoft|#985e9f
111|Bentlee|Simic|Holdlamis|#c75216
112|Florie|Bromfield|Wrapsafe|#0fc592
113|Regine|Vorley|Sonsing|#13898f
114|Ber|Rablan|Lotlux|#5bac52
115|Andris|O'Shesnan|Rank|#aeba7d
116|Bill|Craighall|Regrant|#043589
117|Violante|Ollett|Home Ing|#6f6d77
118|Xever|Aiston|Alpha|#395929
119|Kendre|Potkins|Voltsillam|#276226
120|Conan|Pitcock|Matsoft|#718d7f
121|Alena|Zorzutti|Konklab|#dcd6d0
122|Mart|Sellen|Alphazap|#61f235
123|Clarita|Morrow|Bigtax|#ca5092
124|Kellyann|Jagels|Biodex|#13e80d
125|Edna|Balderstone|Cardguard|#b39186
126|Eugen|Jennens|Regrant|#988c7f
127|Kristel|Prest|Bamity|#2d3d9c
128|Luise|Paulazzi|Aerified|#59d7d0
129|Itch|Pooke|Tampflex|#c01e9a
130|Rasla|Fost|Y-Solowarm|#6bc407
131|Diane-marie|Syer|Stringtough|#00712a
132|Rayner|Biddle|Tempsoft|#381f9d
133|Elsi|Spiring|Cookley|#7825dc
134|Randi|Gwinnell|Alpha|#777b0c
135|Augusta|Bauduccio|Hatity|#7806cc
136|Uta|Loffhead|Toughjoyfax|#3e7333
137|Maureene|Dummer|Fixflex|#f07b92
138|Vic|Kilroy|Lotlux|#5bf46c
139|Victoir|Worsall|Overhold|#cc187a
140|Amaleta|Rubery|Transcof|#a08514
141|Nadia|Tewnion|Flexidy|#2586e0
142|Jarvis|Nowakowska|Stim|#87c18d
143|Rolfe|Cohrs|Zaam-Dox|#01acca
144|Timmy|D'Elias|Span|#da541a
145|Julieta|Lucio|Matsoft|#10d065
146|Wilmette|Botger|Latlux|#551631
147|Llywellyn|Gunningham|Duobam|#4cdc9f
148|Roth|Tankin|Ronstring|#6c841c
149|Erny|Corballis|Tin|#cacd23
150|Elton|Manilow|Prodder|#932c1e
151|Lon|Aslott|Cardguard|#71a47a
152|Steven|Wassell|Vagram|#db4c3c
153|Alexander|Khilkov|Rank|#30655e
154|Kass|Iliffe|Flexidy|#ec567d
155|Maddie|Autin|Stronghold|#81a90c
156|Bobbi|Strowther|Cardify|#09e757
157|Kellyann|Maffione|Tampflex|#aa600e
158|Dunn|Hutley|Latlux|#ed18bc
159|Jacquelyn|Plumridege|Rank|#7884a6
160|Glenn|Serfati|Treeflex|#0c8c2b
161|Sallyann|Petru|Keylex|#e51dd4
162|Natividad|Miguel|Voltsillam|#9e5616
163|Verene|Belleny|Mat Lam Tam|#bbacdc
164|Aaren|Memory|Otcom|#80ff4f
165|Quintina|Rosenstengel|Stronghold|#91159b
166|Bruis|McClenan|Zaam-Dox|#00650d
167|Delcine|Jerome|Zaam-Dox|#3bbeec
168|Ginny|Mityushkin|Voyatouch|#89281f
169|Franciska|Wardley|Keylex|#88e817
170|Carlie|Waine|Zamit|#6e24a3
171|Joell|Claypool|Tempsoft|#5b2320
172|Ardene|Harkes|Job|#34f582
173|Yankee|Durrant|Mat Lam Tam|#b908c8
174|Elicia|De Mars|Andalax|#17aea5
175|Lenette|Koenen|Stronghold|#d9f199
176|Adey|Buzin|Holdlamis|#86176e
177|Mikkel|Hubbard|Cookley|#3702d4
178|Ilka|Ackenson|Rank|#1f893c
179|Krista|Rawkesby|Stim|#451d49
180|Niels|Lampbrecht|Matsoft|#99fc79
181|Eadith|Norledge|Ventosanzap|#9d9a6a
182|Irita|Ruoff|Bamity|#1a6928
183|Davey|Probat|Bitchip|#0f4b5a
184|Maitilde|Tremlett|Fintone|#81297b
185|Sophia|Tidswell|Viva|#a371d7
186|Kendall|Inmett|Cookley|#3b3e07
187|Lance|Muffen|Veribet|#ad9929
188|Gardner|Indge|Andalax|#a30ff5
189|Cheryl|Rugieri|Ventosanzap|#2271c1
190|Ingmar|Dudill|Sonsing|#f50414
191|Farlie|Jersch|Tampflex|#63e71b
192|Durante|Tunniclisse|Subin|#66837b
193|Tine|Dolman|Prodder|#d73480
194|Rafaelia|Raffels|Tresom|#409da2
195|Wylma|Pearton|Span|#6544a5
196|Therese|Bewicke|Greenlam|#d24384
197|Rebe|Bellenie|Latlux|#01f629
198|Bernardine|Lamberteschi|Bytecard|#61e49d
199|Charin|Bracco|Sonair|#de357a
200|Worthington|Yushachkov|Bytecard|#ed5f17
201|Alva|De Maine|Opela|#d179a1
202|Issy|Henderson|Cardify|#cdf278
203|Riley|Cronkshaw|Daltfresh|#0a2888
204|Rhodia|Richter|Voltsillam|#3750df
205|Arlinda|Kubasiewicz|Zamit|#c2068f
206|Rochell|Mila|Cardify|#300496
207|Stacee|Meneux|Overhold|#6ffd2c
208|Randa|Smithyman|Treeflex|#353511
209|Gib|Bewshea|Trippledex|#ff7a72
210|Neilla|Rosterne|Lotstring|#d2ee5c
211|Tonya|Gareisr|Redhold|#c5c83e
212|Brade|Borrott|Temp|#b0776b
213|Norine|Chilcott|Bitwolf|#4cc2e0
214|Estell|Shepherdson|Span|#7ba29b
215|Clarinda|Imloch|Home Ing|#c72bc1
216|Constantia|Patman|Mat Lam Tam|#17d70e
217|Stillman|Matyasik|Voyatouch|#501af6
218|Kelcy|Gillison|Andalax|#bfdd26
219|Harry|Marvelley|Ronstring|#e81a9d
220|Genna|Timmis|Overhold|#a9b826
221|Ado|Dobrovolny|Otcom|#d40d2a
222|Ellswerth|Bougen|Asoka|#b35ce3
223|Munroe|Zorzoni|Mat Lam Tam|#e9ca59
224|Felicia|Tran|Aerified|#8fa789
225|Tiphani|Isacoff|Quo Lux|#7e1153
226|Randene|Franklen|It|#b10827
227|Boniface|Buxcy|Bitchip|#18c6ad
228|Justine|Stidson|Veribet|#e48348
229|Guinna|Rookwell|Cardguard|#9c1b29
230|Judah|Ivshin|Mat Lam Tam|#4aba02
231|Shaylyn|De Metz|Y-Solowarm|#80107c
232|Reggy|Vales|Wrapsafe|#33dfd1
233|Ingeborg|Cyseley|Rank|#757389
234|Elvis|Jump|Vagram|#436a31
235|Orrin|Rubinshtein|Flowdesk|#2d42a4
236|Ramsay|Kamiyama|Cardguard|#5d13ab
237|Huey|Olivera|Holdlamis|#75daa5
238|Mariquilla|Sheehan|Zaam-Dox|#9806ac
239|Leighton|Nuttall|Flexidy|#c11842
240|Basil|Trethowan|Solarbreeze|#d51eac
241|Findlay|Mundow|Domainer|#fa5a9c
242|Josie|Giabucci|Keylex|#2e622a
243|Chandal|Yerrall|Keylex|#fc7e5b
244|Calla|Wistance|Quo Lux|#c6633d
245|Maddi|Brotherheed|Span|#b12602
246|Dominique|Kunz|Konklux|#a150ee
247|Jarvis|Woolerton|Fintone|#c5ee43
248|Alasteir|Riddington|Stringtough|#dce944
249|Thorn|Salzburger|Tres-Zap|#50a4f4
250|Oliy|Breeder|Span|#ea118b
251|Irina|Baukham|Daltfresh|#4eee16
252|Arturo|Getten|Otcom|#499ca6
253|Erica|Abdie|Fintone|#955ce1
254|Domenic|Shipsey|Hatity|#4a1c6f
255|Kermy|Cambden|Stim|#a5a7a4
256|Regan|Lamke|Domainer|#c909ee
257|Sibley|Klemps|Bytecard|#326172
258|Terrijo|Pearle|Tampflex|#04d19c
259|Merralee|Whittam|Wrapsafe|#a808c1
260|Corine|Pillington|Kanlam|#b220b9
261|Kingston|Ellsom|Lotstring|#1d7333
262|Gabie|Sweetman|Sonsing|#68f2c6
263|Steffen|Charley|Treeflex|#415d3b
264|Cobby|Boschmann|Tin|#ab576b
265|Rosalie|Moulster|Otcom|#f9ad2f
266|Chastity|Fazzioli|Kanlam|#100c21
267|Buddy|Fayter|Veribet|#2b625e
268|Sharona|Birk|Transcof|#a27c08
269|Anselma|Rue|Bamity|#ab9fde
270|Shirlene|Lambertazzi|Matsoft|#352327
271|Mei|Sconce|Gembucket|#c62f8d
272|Karylin|Bril|Tampflex|#16c114
273|Artemus|Suff|Voyatouch|#d764f5
274|Willette|Collar|Biodex|#285b25
275|Ethelbert|Cordeux|Transcof|#c4b611
276|Lyndel|Gookes|Wrapsafe|#405612
277|Ardra|Peaurt|Home Ing|#3b29ea
278|Nerte|Chauvey|Bytecard|#8e87db
279|Aland|Appleby|Fix San|#7f0fa2
280|Ailina|Alishoner|Cardify|#eb3aa1
281|Ritchie|Winney|Job|#3bffef
282|Brittan|Loache|Daltfresh|#2ad69d
283|Cassius|Falkous|Zathin|#4d1dcf
284|Gabriello|Drance|It|#06e727
285|Addison|Bedin|Alpha|#7dca23
286|Catie|Tuxwell|Stronghold|#f63886
287|Evin|Lock|Biodex|#9de782
288|Olivero|Dalliwater|Cookley|#b481a7
289|Reinaldos|Weavill|Bamity|#bd475a
290|Cathi|Meriel|Namfix|#606fd1
291|Kearney|Northam|Voyatouch|#4423ad
292|Sarah|Rizzini|Kanlam|#f46c4a
293|Paulina|Markus|Hatity|#c2b7b3
294|Matthiew|Hillan|Tin|#ae51cb
295|Robena|Proby|Temp|#bfe444
296|Bradley|Bagshaw|Ronstring|#dde135
297|Lee|Leggan|Bitwolf|#e78188
298|Myron|Silman|Konklab|#01f3eb
299|Diann|Norquay|Bytecard|#8b3a2e
300|Vevay|Swyre|Quo Lux|#c9a878
301|Sebastiano|Mardlin|Transcof|#ba583b
302|Kipp|Egan|Subin|#653f98
303|Onfre|Bourdel|Y-find|#a5e770
304|Madlin|Okie|Y-find|#7e83c9
305|Aksel|Emsley|Stringtough|#4e5c88
306|Daile|Denington|Sonair|#0e4ed9
307|Marjy|Davydkov|Latlux|#3a6731
308|Odelia|Dericut|Lotlux|#88c468
309|Thomasine|McSporrin|Alphazap|#cd934e
310|Lil|Jockle|Tin|#1476a4
311|Fletcher|Clementet|Kanlam|#ab7964
312|Broderick|Rosenboim|Alpha|#bcb797
313|Natalya|Munt|Bitchip|#ae9f67
314|Saundra|Buckie|Flowdesk|#897190
315|Flossi|Frosch|Voyatouch|#a01e41
316|Eberhard|Clayworth|Home Ing|#438506
317|Arlette|Greenhalf|Domainer|#21719c
318|Patin|Hallows|Mat Lam Tam|#f83654
319|Lev|Soonhouse|Ventosanzap|#3a788c
320|Barry|Anglish|It|#2df5cd
321|Susette|Brehault|Matsoft|#660cf7
322|Chryste|Croisdall|Hatity|#a42b3b
323|Edan|Connikie|Biodex|#ae2fde
324|Ainslee|Lamlin|Konklab|#d45436
325|Decca|Hiscocks|Opela|#caea09
326|Sosanna|Mea|Subin|#4ae0bf
327|Woody|Earry|Y-Solowarm|#c99603
328|Rik|Catling|Pannier|#c771ba
329|Alfie|Ludy|Cardguard|#7517d6
330|Saunders|Wixey|Keylex|#0455e3
331|Maggee|Emanson|Stronghold|#637dea
332|Sophi|Attwool|Regrant|#6fc026
333|Herold|Ventom|Solarbreeze|#fa73de
334|Jelene|Enser|Alphazap|#5690dc
335|Terra|Malarkey|Konklab|#e75fac
336|Sadye|Eyres|Fixflex|#2cf93a
337|Gallagher|Wicher|Wrapsafe|#8a8253
338|Dorise|McGoogan|Rank|#e94d41
339|Rockie|Iianon|Cardguard|#873241
340|Brodie|Noorwood|Bitwolf|#c19b6b
341|Donnie|Mebs|Home Ing|#445d67
342|Rosalind|Patrick|Alphazap|#5c2da7
343|Ewell|Pollicott|Toughjoyfax|#cfee8e
344|Lindi|Aldersea|Duobam|#8e36ce
345|Brittni|Matterdace|Zamit|#717991
346|Tyne|Gaydon|Treeflex|#8a55d9
347|Leelah|Knapman|Temp|#5c577b
348|Francesco|Roscamp|Home Ing|#51f295
349|Betteanne|Blowen|Aerified|#e12e88
350|Alexia|Ondrousek|Mat Lam Tam|#b920fb
351|Maxwell|Dorot|Greenlam|#6fea55
352|Clayton|Brussell|Sonsing|#6dad0b
353|Jordain|Dillistone|Opela|#0714c3
354|Correna|Dixcee|Konklab|#e966c8
355|Elset|Gianuzzi|Alphazap|#f05169
356|Man|Akram|Fix San|#3a9b87
357|Peria|Barense|Pannier|#824133
358|Lucho|Gleeson|Keylex|#59edc4
359|Gannie|Denmead|Opela|#ddcd32
360|Garreth|Carnegy|Job|#76152b
361|Salome|Espinho|Regrant|#dba613
362|Dall|Greenrod|Overhold|#06ad2d
363|Ellary|Orpwood|Ventosanzap|#529985
364|Lorianna|Rastall|Fixflex|#d75f04
365|Lionello|Perrington|Alpha|#8a2398
366|Giraud|Sibborn|Flexidy|#1e3d64
367|Gwenneth|Batch|Bitwolf|#533fd4
368|Simmonds|Wartnaby|Viva|#686da8
369|Zerk|MacRory|Bigtax|#f2d84e
370|Zuzana|Grason|Namfix|#c199dd
371|Kendall|Brazear|Voltsillam|#9cd4fd
372|Clair|Malinowski|Sonair|#94d09d
373|Marieann|Kertess|Alpha|#93057b
374|Meade|Cominetti|Wrapsafe|#de15ce
375|Evin|Hawyes|Overhold|#1997bd
376|Pepito|Basset|Tresom|#9dbd37
377|Colene|Golde|Matsoft|#24b52c
378|Jerry|Trevor|Zamit|#3a0680
379|Aidan|Roizn|Quo Lux|#57e4a9
380|Broddie|Stolberger|Fintone|#9d7a3d
381|Roxane|Alcide|Andalax|#51d1a6
382|Olenolin|Lody|Sonair|#a72f94
383|Laurel|Simmonds|Sonsing|#1b24f4
384|Marcellina|Itzcovich|Job|#90bd51
385|Dani|Maccaddie|Tresom|#e085d8
386|Reinhold|Billyard|Tempsoft|#aeceae
387|Arnoldo|Leimster|Flexidy|#ec7b25
388|Stinky|Fendlow|Prodder|#224d1a
389|Marilin|Harce|Tres-Zap|#0b7d6e
390|Briant|Trippick|Cardguard|#1a0429
391|Mohandis|Mougel|Kanlam|#214b26
392|Isabel|Whetson|Lotlux|#3e2de9
393|Niki|Sanpere|Greenlam|#60122b
394|Henryetta|Jacques|Tempsoft|#13eaac
395|Juliann|Fishburn|Stringtough|#87be42
396|Jenda|Surmeir|Zontrax|#eb3d1f
397|Peggi|Bisco|Fintone|#127c7c
398|Tito|Orro|Kanlam|#1757ba
399|Rabbi|Bussey|Aerified|#a4402b
400|Olly|Tille|Temp|#b77cd0
401|Amata|Miskimmon|Voltsillam|#7388bd
402|Sigrid|Larrington|Redhold|#62be2f
403|Ludovika|Viollet|Tres-Zap|#9c4ed1
404|Linnet|Pariso|Lotlux|#392235
405|Yolane|Bertot|Biodex|#54f415
406|Sophi|Dodle|Bigtax|#0733cd
407|Gun|Scotland|Alphazap|#6d4fc0
408|Sylvester|Anthonies|Trippledex|#62764f
409|Lezlie|Desborough|Opela|#dda46a
410|Vite|Dosdill|Fintone|#77b997
411|Michaela|Bick|Trippledex|#c21236
412|Isak|Seyler|Opela|#080fd1
413|Winny|Keunemann|Span|#170d85
414|Thorsten|Martschke|Prodder|#72e78d
415|Mike|Grellis|Bamity|#6d21b3
416|Raddie|Chapell|Overhold|#0fe939
417|Mindy|Oldroyd|Sonsing|#ce3efe
418|Brenden|Allardyce|Stringtough|#0427c5
419|Sancho|Lewnden|Wrapsafe|#3ce296
420|Prissie|Comberbeach|Span|#790347
421|Whitby|Braley|Lotlux|#2acb5d
422|Karissa|Astlett|Fixflex|#2e8586
423|Griff|Heeney|Cardguard|#2d5040
424|Ralina|O'Cullinane|Holdlamis|#36609f
425|Gae|Cavy|Biodex|#c2d4e2
426|Adrien|Dondon|Quo Lux|#f9b6b7
427|Travis|Maccrae|Y-Solowarm|#87dda1
428|Georgetta|Lilleyman|Lotstring|#cd810e
429|Lidia|De Launde|Stronghold|#653b29
430|Terrence|Leece|Opela|#0b48c8
431|Roselle|Northbridge|Temp|#065144
432|Nonna|Portis|Alpha|#e1fb16
433|Ethan|Boles|Voyatouch|#57e673
434|Skip|De Roos|Lotstring|#0500ec
435|Launce|Simester|Voltsillam|#e416b4
436|Haskell|Glading|Job|#d245a5
437|Mord|Deware|Home Ing|#41d67c
438|Abrahan|Eddow|Trippledex|#88e24c
439|Leeanne|Gorch|Tres-Zap|#1b04e0
440|Adam|Sillitoe|Lotlux|#48fc34
441|Vernen|Folomkin|Latlux|#39c74b
442|Tymothy|Conyard|Zaam-Dox|#8d0332
443|Heinrik|Nutty|Mat Lam Tam|#b1c6ee
444|Martica|Cooke|Kanlam|#c25537
445|Kelwin|Baffin|Zaam-Dox|#6b4365
446|Nicol|Castagno|Cookley|#cb67a1
447|Brose|Terris|Bitchip|#adb991
448|Nelson|Luckcock|Zontrax|#243caf
449|Rees|Pashe|Temp|#6bc7f2
450|Von|Grinin|Konklux|#b86d25
451|Aristotle|Halladey|Flowdesk|#e0c30c
452|Nolan|McKnockiter|Daltfresh|#fb1e56
453|Pauly|Berg|Cardguard|#51ebb2
454|Dennet|Mogridge|Flowdesk|#a1ae78
455|Farlay|Damato|Tin|#bf4b92
456|Rudolf|Bloom|Treeflex|#871a24
457|Lesli|Laudham|Duobam|#f5759b
458|Gustie|Breukelman|Flowdesk|#4e0e0d
459|Dulcea|Redfield|Sonsing|#0265c8
460|Amelia|Clother|Bitchip|#07a373
461|Leah|Macrow|Aerified|#706aba
462|Philippe|Burland|Voltsillam|#7f4aa8
463|Dolf|Rayner|Zathin|#2e45f8
464|Farlee|Schuler|Vagram|#49390c
465|Tabor|Salandino|Duobam|#3886d8
466|Roley|Impson|Alphazap|#1cd0c4
467|Jorie|Testin|Y-find|#ce91e6
468|Winnifred|Schistl|Ronstring|#95898c
469|Diego|Smythe|Bigtax|#de67c6
470|Nathaniel|Carradice|Pannier|#1955f1
471|Porty|Charrett|Subin|#31cf31
472|Waiter|Arnoult|Cardguard|#c3b52f
473|Ode|Lytell|Sub-Ex|#a8901a
474|Melba|Penquet|Keylex|#38be02
475|Shellie|Gauthorpp|Prodder|#03cf94
476|Herby|Esslement|Pannier|#38cbdb
477|Richardo|Cuttelar|Sonair|#a33585
478|Elita|Wilcocks|Kanlam|#9a4301
479|Deane|Winsiowiecki|Otcom|#a64a68
480|Tanney|Huc|Gembucket|#f63e9f
481|Kippie|Dodson|Otcom|#62cbca
482|Erny|Nockells|Tres-Zap|#d07d9d
483|Berenice|Lemon|Tin|#4c3390
484|Verla|Ruff|Zontrax|#063d2a
485|Annelise|Menico|Ventosanzap|#2dde52
486|Roderic|Beresford|Cookley|#be3d07
487|Dorelle|Licence|Zamit|#bfcc36
488|Leonie|Gossling|Job|#c18d53
489|Jessy|Lydster|Zontrax|#1cfe66
490|Marylee|Inglesfield|Pannier|#814780
491|Vivyanne|Hinkley|Bytecard|#ec888e
492|Morena|Bamsey|Cookley|#49d521
493|Saxon|Broggio|Transcof|#79aa87
494|Raff|Frowd|Ronstring|#86ac48
495|Derrek|Dietsche|Daltfresh|#d9e6f5
496|Willem|Alton|Mat Lam Tam|#8feb06
497|Nani|Joslin|Konklux|#a29c29
498|Adi|Cassius|Matsoft|#25cb44
499|Derrick|Dimmick|Transcof|#9ed6fd
500|Banky|Bruhnicke|Ventosanzap|#5fc1c1
501|Gillian|Banisch|Home Ing|#cff588
502|Theodora|Blincowe|Konklux|#edfc62
503|Josselyn|Poppleton|Zathin|#fcaea8
504|Neilla|Gale|Veribet|#05d73f
505|Gretal|Jacquemy|Wrapsafe|#7abd44
506|Lulu|Bellam|Trippledex|#14d9a2
507|Pavla|Murtagh|Tampflex|#9c17cd
508|Tades|d'Arcy|Cardguard|#a72432
509|Cleopatra|Judd|Tempsoft|#9462b3
510|Danica|Castagnier|Duobam|#f8f434
511|Christabella|Beckers|Lotlux|#5a13ef
512|Augustina|Fenich|Tempsoft|#16ae3d
513|Griselda|Kops|Subin|#a2e899
514|Torrey|Pache|Namfix|#5b0c24
515|Whitaker|Rigby|Mat Lam Tam|#feb588
516|Emile|Cutridge|Fix San|#ab6fdb
517|Atalanta|Vaar|Ronstring|#bee1de
518|Bebe|Bernocchi|Cookley|#28fd46
519|Garret|Tummond|Voyatouch|#8ca172
520|Alaric|Blackater|Asoka|#8b3ae7
521|Tomkin|Retallick|Alpha|#f05701
522|Harry|McCafferty|Zathin|#e4262e
523|Justina|Scotchbrook|Sub-Ex|#cfee13
524|Arlana|Scamadin|Flexidy|#fca75c
525|Ethelbert|Rattenbury|Transcof|#643409
526|Jodie|MacAllester|Konklab|#213670
527|Ring|Caddan|Bitchip|#64c088
528|Adriena|Faussett|Sub-Ex|#7f3504
529|Ambrosi|Clutterham|Transcof|#c2212c
530|Merry|Lusher|Zontrax|#c3f5fc
531|Whit|Gerlack|Hatity|#7cefbf
532|Antonio|Featherstonhalgh|Transcof|#6eb326
533|Branden|Attawell|Voltsillam|#b73fe9
534|Conny|Lydiard|Redhold|#1eac08
535|Hobart|Haill|Fixflex|#f966c1
536|Hamid|Stogill|Temp|#d7a89f
537|Gilberta|McLagan|Treeflex|#0c7302
538|Rahal|Jillitt|Bamity|#cd710c
539|Tessa|Giggie|Latlux|#f430fc
540|Lissa|Penson|Tin|#ffcbf2
541|Nanine|Leavry|Lotlux|#08dd1b
542|Liana|Hardware|Veribet|#ed4a98
543|Ulrick|Gemmill|Subin|#c6859b
544|Dian|Ludron|Cardify|#4008f6
545|Edgard|McShirie|Pannier|#711015
546|Kendricks|Neilson|Span|#c91a03
547|Cary|Farrent|Veribet|#b0a891
548|Parker|Whaplington|Greenlam|#e746f6
549|Ruth|Allitt|Stronghold|#1ec86f
550|Leonora|Lamshead|Viva|#763703
551|Sandro|Boorer|Veribet|#bd0be2
552|Napoleon|Sallarie|Voyatouch|#7ae509
553|Adey|Rippen|Trippledex|#545ef4
554|Rod|Eberz|Zamit|#0db4ad
555|Joelie|Mahaddy|Temp|#8d5e4d
556|Gustavo|MacCauley|Namfix|#367cb9
557|Karil|Snooks|Transcof|#048559
558|Caitrin|Bisco|Quo Lux|#dfc3f6
559|Valerye|Fadian|Prodder|#7c924d
560|Merralee|McWhirter|Latlux|#65cca7
561|Madelaine|Nevett|Lotstring|#e7e655
562|Lisetta|Newband|Sonair|#4a50dd
563|Lincoln|Auten|Zathin|#aa26f4
564|Eleonora|Clarae|Regrant|#f60f38
565|Carroll|Wohler|Keylex|#3bd54a
566|Sampson|Gibbon|Viva|#63abeb
567|Emelda|Shaddick|Matsoft|#48314d
568|Berti|Jancey|Treeflex|#df63e0
569|Bethena|Menichi|Asoka|#268ae3
570|Basilius|Kroon|Sonair|#3edc9c
571|Rhett|Cadle|Hatity|#3ab1ba
572|Cacilia|Sporle|Alphazap|#3036ea
573|Gianina|Chark|Gembucket|#b108ff
574|Dulce|Dyke|Duobam|#2af042
575|Marne|Mattiello|Cardify|#0364c8
576|Aile|Derby|Bigtax|#3de28b
577|Jarrod|Stammers|Latlux|#4e13a1
578|Bibby|Westall|Sonsing|#31e40b
579|Lenard|Saxon|Zoolab|#59dc4b
580|Leeanne|Bris|Duobam|#a8d105
581|Brynne|Aloshkin|Y-find|#cd29ad
582|Peggi|Stainland|Treeflex|#9840d0
583|Marillin|O'Scandall|Daltfresh|#19cb7b
584|Whit|Pottell|Tresom|#fd84c2
585|Bowie|Ordish|Alphazap|#b64976
586|Bobinette|Onions|Y-Solowarm|#9242bf
587|Gabe|Slocumb|Flowdesk|#5ca513
588|Auroora|Blewis|Mat Lam Tam|#09d9e1
589|Hurley|Celier|Overhold|#b86b78
590|Vincenty|Dron|Flowdesk|#852b38
591|June|O'dell|Voltsillam|#6673e1
592|Berti|Leary|Konklab|#94706f
593|Gradeigh|Ortmann|Zathin|#d48a21
594|Ursula|Boole|Y-find|#6390aa
595|Knox|Shiel|Prodder|#3a5330
596|Renata|Kleynermans|Kanlam|#f1ed18
597|Devlin|Giamo|Tresom|#d667bd
598|Darcy|Hatherell|Trippledex|#f1371f
599|Rosalinde|Chatt|Stringtough|#ad8086
600|Reine|Bailess|Tresom|#d2ed49
601|Deirdre|Fevers|Ventosanzap|#739620
602|Delinda|Comi|Cardguard|#44472e
603|Bobbee|Ranscomb|Home Ing|#e38095
604|Emmott|Mcettrick|Vagram|#e3eec4
605|Lee|Doveston|Alpha|#e30aa5
606|Gaynor|Imort|It|#a59263
607|Aldous|Fennick|Flowdesk|#ef6f7e
608|Eleanora|Lovel|Redhold|#29f01d
609|Bennie|Pardie|Alphazap|#59c535
610|Josselyn|Kelway|Solarbreeze|#106c31
611|Andre|Vido|Lotstring|#09eae0
612|Chrisy|Buckler|Span|#a2bebd
613|Montague|Coverdill|Wrapsafe|#ec50b9
614|Joshua|Newens|Latlux|#2f8e81
615|Phyllis|Mayhow|Tampflex|#58b822
616|Victoir|Torbeck|Fixflex|#805861
617|Ray|Casero|Duobam|#2f5472
618|Anetta|Figg|Span|#7631b0
619|Hillary|Farres|Prodder|#31b5b7
620|Georgeta|Simonaitis|Fix San|#1af954
621|Shepherd|Renon|Prodder|#f22a50
622|Freda|Offener|Tempsoft|#9b90b2
623|Husain|Chupin|Transcof|#9fba92
624|Moselle|Hebbs|Trippledex|#22cbad
625|Sheila|Bettaney|Namfix|#1c017f
626|Magdalena|Herety|Keylex|#fcb322
627|Yul|Gealy|Veribet|#4ede23
628|Rebe|Geaveny|Rank|#2af62d
629|Dominga|Cummungs|Sonair|#57338b
630|Kym|Attoc|Daltfresh|#cf3281
631|Isabeau|McJarrow|Sonsing|#8b7f28
632|Jodie|Heild|Voltsillam|#9cab04
633|Gianina|Davison|Fintone|#182f02
634|Kassi|Kettlestringe|Toughjoyfax|#2c081c
635|Tani|Croot|Konklux|#c34e18
636|Pierre|Poacher|Sub-Ex|#dad760
637|Maxie|Adshede|Alpha|#343f50
638|Chane|Camlin|Zaam-Dox|#f4bb60
639|Andy|Champken|Alphazap|#c699af
640|Joyan|Alyonov|Redhold|#901cfa
641|Spike|Berg|Ronstring|#8b9107
642|Clary|Fenn|Veribet|#5a0f80
643|Marleen|Slidders|Voyatouch|#c509e9
644|Dorothy|Menicomb|Prodder|#a55af1
645|Anderson|Crowche|Bitchip|#e88c30
646|Tamiko|Quayle|Treeflex|#7a60d5
647|Chuck|Leneham|Namfix|#eb792f
648|Rey|Ratcliffe|Stim|#e3597d
649|Arch|Lippett|Transcof|#f13154
650|Cirilo|Sarjent|Veribet|#39a776
651|Laney|Farrance|Span|#5236e9
652|Sutherlan|Warfield|Duobam|#48491a
653|Anya|Hollyland|It|#a6b129
654|Bernie|Slayford|Voltsillam|#bb3236
655|Jayme|Rosander|Job|#152cee
656|Lexis|Duthie|Tresom|#e3d45c
657|Simonne|Linny|Tempsoft|#5040bb
658|Norma|Kesten|Alphazap|#63fb94
659|Viva|McIntosh|Hatity|#81ea6e
660|Janella|Bartels-Ellis|Zontrax|#eb5c20
661|Hilary|Turgoose|Flexidy|#bff8c1
662|Kathie|Rambaut|Alpha|#91b4bf
663|Ric|Redrup|Cardify|#e208fc
664|Kort|Kindred|Ventosanzap|#3d5abe
665|Chadd|Binyon|Opela|#d1ce8d
666|Lacee|Brittlebank|Matsoft|#295b45
667|Darrick|Gracewood|Zamit|#e198b7
668|Chrissy|Rugg|Latlux|#b29ffc
669|Gretchen|Goakes|Duobam|#a7bd7d
670|Aida|Normington|Konklab|#c7f5a1
671|Elwyn|Mateuszczyk|Zontrax|#98335a
672|Uta|Hans|Konklab|#3fbcd3
673|Gail|Tombleson|Lotstring|#6b0302
674|Dayna|Baniard|Alphazap|#9a7c17
675|Shanie|Chessum|Latlux|#6acfa9
676|Ira|Stears|Mat Lam Tam|#f51a78
677|Casandra|Booker|Stringtough|#b38417
678|Anna-diane|Edwardson|Solarbreeze|#7ddc5c
679|Cal|Beeckx|Flowdesk|#de08e2
680|Cacilie|Timcke|Sonair|#f34b52
681|Meredeth|Keenan|Transcof|#e1ff6f
682|Emmeline|Arnholtz|Alpha|#d402d5
683|Darius|Joye|Zamit|#ec6229
684|Gerrie|Treadger|Stringtough|#7f59ad
685|Marysa|Guidi|Stim|#9127d8
686|Sula|Stark|Domainer|#ecdc69
687|Albertine|Hamon|Gembucket|#e84517
688|Darcee|Symmons|Cookley|#bd7aa7
689|Noak|Forrestor|Greenlam|#e001a6
690|Trudie|Ivan|It|#eaa908
691|Ban|Dicty|Gembucket|#18400e
692|Briggs|Trusty|Pannier|#dbca53
693|Lindy|Reina|Zoolab|#9c6410
694|Archy|Kersey|Ventosanzap|#5fe7b1
695|Alissa|Patry|Bigtax|#3021f0
696|Augustin|Love|Temp|#165c6f
697|Shoshanna|Gerlts|Cookley|#1084db
698|Berte|Tollady|Quo Lux|#33f77a
699|Lindy|Truitt|Tres-Zap|#89de26
700|Shepherd|Hagston|Latlux|#c06f62
701|Coralie|Omrod|Tres-Zap|#a0c6da
702|Nada|Perigo|Zaam-Dox|#3049fb
703|Corty|Braisby|Quo Lux|#e5dba5
704|Davon|Ewart|Sub-Ex|#3426de
705|Ricky|Spreckley|Ventosanzap|#8d69b4
706|Mellisent|Palley|Duobam|#18c8a8
707|Eziechiele|Bysaker|Fintone|#c8a270
708|Claude|Warcup|Bitwolf|#1c0a12
709|Jeniece|Praundl|Namfix|#e6e971
710|Wyn|Dregan|Zoolab|#e68c05
711|Kinna|Cockrem|Overhold|#7a93d6
712|Holmes|Pedrol|Namfix|#219b31
713|Gaynor|Walford|Ventosanzap|#6e9f41
714|Aurthur|Flemmich|Treeflex|#c75ba5
715|Sam|Hyde|Tin|#0933d5
716|Henrieta|Gilburt|Lotlux|#948349
717|Kare|Aubert|It|#95ae60
718|Elysee|Scotson|Zontrax|#467b5c
719|Lorita|Dyte|Holdlamis|#9550eb
720|Janina|Kuschel|Flexidy|#b3bd5b
721|Gunner|Crothers|Trippledex|#e3e7c7
722|Meredeth|Speirs|Bytecard|#efcfc1
723|Berkie|Woolam|Quo Lux|#87461b
724|Nataline|Edmands|Fix San|#05d6c0
725|Jyoti|Clapham|Holdlamis|#72526d
726|Bale|Rembaud|Toughjoyfax|#f04b74
727|Karry|Sifflett|Tampflex|#5fb71b
728|Melicent|Kuhnt|Latlux|#eebcce
729|Veronica|Downgate|Cardguard|#8e9900
730|Vikky|Portt|Stim|#b35929
731|Roi|Barrus|Greenlam|#7278f6
732|Mahalia|Cheverell|Opela|#8f3c87
733|Tracee|Spragg|Konklux|#72270d
734|Joelly|Narup|Y-find|#c581df
735|Marylee|Matteo|Subin|#dd4ba9
736|Padriac|Garham|Flexidy|#f903da
737|Jacenta|Laible|Opela|#63f5ff
738|Tatiana|Matias|Asoka|#6e7b75
739|Paten|Diddams|Mat Lam Tam|#af5ef1
740|Brandice|Asche|Transcof|#1bbf46
741|Deina|Stagg|Tresom|#f35d31
742|Burr|Walliker|Y-find|#e61bc1
743|Cristal|Climer|Konklab|#73a800
744|Hansiain|Tabart|Matsoft|#81231c
745|Maurie|Yetton|Cookley|#8660df
746|Marice|Hay|Gembucket|#29f883
747|Claudina|Squirrel|Sonair|#1419a2
748|Geneva|Colmer|Mat Lam Tam|#c701a3
749|Roland|Tetla|Holdlamis|#37688b
750|Chick|Took|Daltfresh|#703d57
751|Micheline|Arnout|Overhold|#635fbb
752|Cordelie|Goring|Tempsoft|#089d3c
753|Annadiana|Edmunds|Tin|#66217c
754|Jabez|Cajkler|Transcof|#318018
755|Caro|Crush|Bitwolf|#e1ecd3
756|Madalyn|Chapple|Tres-Zap|#28b78f
757|Mateo|Pape|Lotstring|#ee374b
758|Helyn|Cossam|Keylex|#f0fcbd
759|Susi|Alves|Andalax|#562904
760|Maynord|Heindrick|Quo Lux|#6fd038
761|Malvin|Farrey|Stronghold|#9d5ad8
762|Xylina|Beardsley|Gembucket|#30ae45
763|Spenser|Cofax|Ronstring|#06f35c
764|Antonetta|Wilne|Andalax|#77baf3
765|Ingeberg|Deane|Bigtax|#ebfb78
766|Armand|Messenger|Voyatouch|#e282d9
767|Marna|Maggiori|Overhold|#8b9cdc
768|Flo|Tatersale|Stronghold|#a2c6aa
769|Vassily|Dungey|Overhold|#fd8a9f
770|Forrester|Dell Casa|Matsoft|#9df5ec
771|Gavrielle|Gillan|Alpha|#85eeef
772|Hort|Bohike|Tampflex|#4aafdf
773|Ester|Engley|Namfix|#24ca59
774|Lana|Street|Cookley|#00d3a5
775|Merrick|Stangroom|Viva|#039973
776|Germana|Rands|Overhold|#9d9012
777|Andie|Ellerey|Sonsing|#9081bf
778|Chick|Pitway|Otcom|#d074f1
779|Tricia|Shirland|Fixflex|#f8361a
780|Susanne|Castano|Sonsing|#0e484b
781|Alexei|Glencrash|Tampflex|#6f6ce0
782|Anabella|Durran|Treeflex|#0ca58a
783|Katine|Bembridge|Zamit|#108f21
784|Reube|Perfect|Asoka|#329159
785|Ava|Shah|Konklab|#5c6a0c
786|Brew|Sweating|Alphazap|#9b082a
787|Blythe|Lowry|Asoka|#8996a9
788|Fernande|Greguol|Cardify|#4ad64f
789|Orbadiah|Sutherel|Y-find|#96dabf
790|Cam|Terry|Cookley|#4b2ab6
791|Margeaux|Paz|Veribet|#4bf45c
792|Samara|Braunes|Tresom|#74150f
793|Colan|Buckett|Kanlam|#eab9ce
794|Elfrieda|Kedie|Zamit|#aaf89e
795|Jorgan|Carlick|Otcom|#b17e56
796|Cheslie|Cherm|Zoolab|#82510b
797|Saundra|Isaksson|Tres-Zap|#a026fe
798|Clayborne|Capponer|Voltsillam|#03ae83
799|Arel|Tomei|Toughjoyfax|#a7aff3
800|Elfrida|Spilsted|Toughjoyfax|#3ac89e
801|Ludwig|Magne|Voyatouch|#56300e
802|Katine|Claus|Bytecard|#62b722
803|Katee|Landells|Flexidy|#164933
804|Pinchas|Cully|Fintone|#dfed9a
805|Elvin|Mattiazzo|Prodder|#10ece8
806|Terrance|Waple|Viva|#ef66b6
807|Jannelle|Dominighi|Wrapsafe|#eb63a1
808|Elvera|Espinos|Fintone|#8edc13
809|Lannie|Andrini|Vagram|#882a77
810|Trumann|Megainey|Y-find|#2158af
811|Kandy|Lawie|Latlux|#de2d5f
812|Jerrome|Canadas|Sub-Ex|#f5b7fb
813|Judie|Choulerton|Alpha|#0c5764
814|Morie|Gentle|Bytecard|#4bae92
815|Gawain|Lowder|Zontrax|#653a9d
816|Zena|Keyzman|Solarbreeze|#ef1d0d
817|Brant|Grindley|Biodex|#09e8f5
818|Jessa|Bradlaugh|Y-Solowarm|#385f68
819|Francis|Lody|Tempsoft|#539a17
820|Lynda|Masson|Biodex|#c68d4e
821|Pancho|Guerrero|Tampflex|#622ed9
822|Prentiss|Leatherbarrow|Sonair|#164476
823|Tod|Danielou|Lotlux|#70afc9
824|Smith|Cossum|Tin|#011ad0
825|Martynne|Conklin|Trippledex|#75d8c1
826|Helli|Sharvill|Vagram|#cf3305
827|Erinn|Morritt|Lotstring|#e54143
828|Mord|Egle of Germany|Bigtax|#b65a65
829|Brendan|Brownfield|Trippledex|#f53165
830|Tammi|Greenhouse|Kanlam|#209cef
831|Charo|Goddman|Fixflex|#fbe419
832|Alexandra|Stryde|Duobam|#baeccb
833|Lilyan|Tugwell|Temp|#7bf553
834|Bentley|Johanssen|Tampflex|#6b0979
835|Hughie|Heinritz|Duobam|#1c0bb2
836|Augustus|Blenkinsopp|Job|#2767b5
837|Bennett|Bastistini|Otcom|#9bd54a
838|Hayden|Thomlinson|Domainer|#c9787e
839|Anallese|Copping|Bigtax|#71dc7a
840|Ronald|Simeonov|Kanlam|#8e03b7
841|Moll|Baddeley|Ventosanzap|#f331b2
842|Cathrine|Bedson|Otcom|#479055
843|Arri|Arp|Bamity|#0da6e5
844|Karel|Sprackling|Ventosanzap|#34da80
845|Lusa|Tilmouth|Y-find|#855a58
846|Jecho|Duckham|Holdlamis|#29c460
847|Eddy|Marner|Tampflex|#f33daf
848|Jacquelyn|Oakwell|Opela|#c62cc1
849|Saree|Lailey|Prodder|#23007e
850|Johna|Dunthorn|Stim|#8bb85b
851|Sibyl|Kleisle|Namfix|#65aaec
852|Brittni|Kilgannon|Alphazap|#7e4b31
853|Tabbie|Servante|Konklab|#106590
854|Donn|Kirtley|Regrant|#fd7bd7
855|Konstanze|Offin|Latlux|#cd1f62
856|Alonzo|Cluitt|Sonsing|#838311
857|Claudette|Dengel|Temp|#b13bff
858|Gabbie|Conkey|Bytecard|#62ded6
859|Freddie|Bim|Flowdesk|#c157ee
860|Celene|Piggott|Redhold|#d9d761
861|Benn|Gamil|Zoolab|#33ca0e
862|Denni|Haddacks|Y-find|#e89ffb
863|Maris|Boyse|Bytecard|#b721ff
864|Curt|Gonnel|Mat Lam Tam|#23355a
865|Haydon|Veare|Sonsing|#e41e26
866|Alexine|Freiberg|Veribet|#f78365
867|Gordie|Stidworthy|Zamit|#060438
868|Rubi|Caillou|Pannier|#0b3e6a
869|Byrle|Plascott|Aerified|#fb9eac
870|Cilka|Wattins|Cardguard|#07264d
871|Ringo|Broadnicke|Tempsoft|#23fb06
872|Avrit|Ohlsen|Ronstring|#1c702b
873|Magdalene|Walsom|Rank|#649364
874|Alaster|Kelmere|Sonair|#8d6ad6
875|Franny|Gateland|Keylex|#cb69cf
876|Kamillah|Aveson|It|#7591af
877|Malina|Minot|Stronghold|#a0f834
878|Franzen|Spender|Opela|#be5bf4
879|Stu|Hamblington|Matsoft|#069abe
880|Emery|Morde|Konklab|#70f7b9
881|Katharine|Greatex|Temp|#a26dc4
882|Paulette|McCorley|Fix San|#7ea19b
883|Bat|Dorgon|Zoolab|#bd681d
884|Sharia|McGiveen|Zontrax|#07ff90
885|Crissie|Braksper|Fixflex|#985d2b
886|Simona|Kmicicki|Lotstring|#adca76
887|Wendel|Gutans|Bytecard|#0b95ce
888|Land|Blandford|Fixflex|#dfa080
889|Marquita|Bretherick|Regrant|#38c6ff
890|Luke|Antonoyev|Duobam|#626036
891|Rosco|Rosenbusch|Bytecard|#ad5af4
892|Tristam|Whettleton|Stim|#cda64a
893|Loralie|Holsall|Transcof|#ecac70
894|Chloette|Punt|Redhold|#464eb3
895|Cecilius|Trail|Prodder|#0deb48
896|Lane|Fayerbrother|Ventosanzap|#5e2612
897|Benny|Duer|Ronstring|#6380e7
898|Jaymie|Heine|Alpha|#85b4a4
899|Nert|McClean|Fintone|#2be78d
900|Hermy|Voss|Y-Solowarm|#a2d96f
901|Georgy|Harsent|Solarbreeze|#c1e110
902|Rozina|Bathow|Zathin|#0f65e6
903|Kingston|Thing|Zathin|#3bf9a0
904|Cletus|Wilstead|Cookley|#40a1ae
905|Antonella|Sturdgess|Cookley|#d2de9d
906|Marwin|Canadine|Sonair|#ef5254
907|Sylas|Jaumet|Alpha|#8d4c97
908|Donia|Whittenbury|Stim|#b2156a
909|Matty|Overton|Temp|#ec4991
910|Nicol|Anfosso|Alpha|#420a8d
911|Laina|Temby|Domainer|#a8746f
912|Webb|Sellstrom|Cookley|#f2bc42
913|Chaddy|Gaitung|Trippledex|#95ee9a
914|Tierney|Kiddie|Namfix|#3789f7
915|Brig|Capps|Stringtough|#70e24e
916|Dickie|Benedict|Zontrax|#5fa4cf
917|Constantia|Darinton|Alpha|#f22a30
918|Suki|Dunbavin|Holdlamis|#daa46c
919|Nevile|McMeanma|Home Ing|#b59573
920|Tabor|Wloch|Tres-Zap|#d7308e
921|Adam|Emanuelov|Matsoft|#c9ae83
922|Thain|Martell|Pannier|#d83062
923|Janeva|Brisker|Stringtough|#dfe07f
924|Neill|Kearford|Biodex|#09ad26
925|Jacquelyn|Vickar|Zamit|#8ad3cd
926|Erina|Benedettini|Zontrax|#c0450d
927|Tobias|Lesper|Cookley|#81f352
928|Patton|Galey|Daltfresh|#ea4c70
929|Mina|Ropkins|Cookley|#f3fce1
930|Carling|Espadero|Keylex|#048800
931|Jere|McEachern|Duobam|#e98c32
932|Harli|Adel|Alphazap|#db7407
933|Randie|Garwell|Matsoft|#6cf011
934|Annamarie|McNeil|Cardify|#6f7a7d
935|Torie|Timmermann|Tres-Zap|#eaa976
936|Weston|Mapstone|Sonair|#062861
937|Robbyn|McGahy|Quo Lux|#57da6b
938|Berti|Herrieven|Viva|#3751a9
939|Kasper|Sibyllina|Sonsing|#797560
940|Ricard|Mattke|Otcom|#e3f596
941|Sarena|Dimitrijevic|Y-find|#f28273
942|Allie|Walbridge|Bytecard|#07d6fe
943|Auguste|O'Lochan|Zoolab|#3ceec2
944|Diandra|Langlais|Home Ing|#2f53dd
945|Cele|Shallcrass|Stim|#70df18
946|Stephine|Loeber|Sonair|#e3731e
947|Earl|Borkett|Trippledex|#7dd82e
948|Pace|Dearle-Palser|Latlux|#ae7539
949|Roxanna|Stemson|Asoka|#d0e390
950|Hagan|Saur|Keylex|#bd32d5
951|Tiebold|Vallery|Gembucket|#2c92f7
952|Halsy|Ferrarotti|Toughjoyfax|#3598bb
953|Christen|Seamark|Zamit|#95955b
954|Gilberte|Pomphrett|Lotlux|#2290f1
955|Packston|Lorek|Trippledex|#4483b3
956|Gleda|McKeaveney|Fix San|#853be7
957|Donetta|Carles|Redhold|#d3631c
958|Ricky|Purselowe|Namfix|#924c65
959|Reinhold|Mizzen|Rank|#018cff
960|Bamby|Caughtry|Sonair|#5cf04a
961|Philippa|Mafham|It|#48574f
962|Gertruda|Cohane|Fix San|#9c4ec4
963|Lynsey|Kopje|Flowdesk|#c04f68
964|Rosie|Tredget|Wrapsafe|#846cc9
965|Dorie|Epgrave|Bigtax|#b521d2
966|Delia|Fenney|Voyatouch|#970347
967|Edithe|Cunnow|Viva|#4a2064
968|Evyn|MacAlaster|Rank|#accfe2
969|Dal|Dingate|Trippledex|#903b00
970|Toddie|Woodings|Alphazap|#b3bf2e
971|Daisie|Wibrow|Andalax|#e4384b
972|Raymund|Hampton|Regrant|#8e646d
973|Flossy|Epton|Solarbreeze|#3b8771
974|Benni|Scarth|Lotlux|#3d023c
975|Fionnula|O'Connel|Flexidy|#c02293
976|Hollyanne|Galer|Solarbreeze|#8e66a2
977|Mufinella|Hazel|Mat Lam Tam|#fa7344
978|Lusa|Brookson|Veribet|#38c8af
979|Agustin|Thornber|Sub-Ex|#420065
980|Heriberto|Verrills|Cookley|#d03fbb
981|Rayshell|Cranidge|Quo Lux|#c467b5
982|Christyna|Redwin|Treeflex|#6f92a7
983|Dottie|Kinset|Namfix|#9e1291
984|Twyla|Kidstoun|Tresom|#f167e5
985|Lorry|Byrnes|Alpha|#151d48
986|Bea|Arlt|Ronstring|#3a6cb1
987|Petra|Kubas|Duobam|#b5e701
988|Meriel|Long|Treeflex|#86dd94
989|Callie|Bollen|Hatity|#26784e
990|Hendrik|Hayhow|Solarbreeze|#3fe6c9
991|Drusi|Lillee|Bitchip|#7fe710
992|Karlene|Ghiriardelli|Quo Lux|#d5feca
993|Ernestus|Odo|Transcof|#76a9da
994|Meade|Vassall|Y-Solowarm|#86de02
995|Jarred|Fawley|Alphazap|#214aff
996|Karalynn|Barrat|Greenlam|#fb4608
997|Lorrie|Moodie|Greenlam|#6c720e
998|Amandy|Caisley|Voltsillam|#614786
999|Brandais|McCurry|Alpha|#460b00
1000|Gene|Pavlovsky|Solarbreeze|#3831b9
